{
  "sf": [
    1.0061338397611104,
    0.7904845713713833,
    0.8063696137571053,
    0.6594625881666167,
    0.7272978707403659,
    0.7323838594143024,
    0.3526292763878066,
    0.6045073309505257,
    0.3967079453061157,
    1.2467963995335065,
    0.38861187659073776,
    0.9634335814577095,
    1.4357049110074984,
    0.5358133528853761,
    0.6800707435441252
  ],
  "sf_err": [
    0.008074932966332556,
    0.05887087718109868,
    0.10908895982676214,
    0.1152452612302078,
    0.17002861312426162,
    0.23244691939242587,
    0.10653247244554277,
    0.23628255473887827,
    0.17582200440876952,
    0.677705291037259,
    0.18482181636891254,
    0.5353982779531155,
    0.8919470810693229,
    0.19272204289092032,
    0.29680721622823236
  ]
}