{
  "sf": [
    0.9705731090405672,
    1.5439443797900294,
    1.3569335943349037,
    1.5167637452718086,
    1.8459063733163386,
    2.1137334825255665,
    1.9668713747935314,
    1.6818954237514134,
    2.251789864476237,
    1.5033143432829168
  ],
  "sf_err": [
    0.007921368428665199,
    0.07846731938548691,
    0.10067864911375844,
    0.15504860350026523,
    0.26137751618742927,
    0.3656549900709626,
    0.3562242240179244,
    0.32179144048845765,
    0.6099735578154752,
    0.3699744434981092
  ]
}